{
  "application": "cd4ml-dsr",
  "name": "deploy-to-a",
  "stages": [
    {
      "name": "Deploy to env-a",
      "type": "deployManifest",
      "account": "my-k8s-account",
      "cloudProvider": "kubernetes",
      "manifestArtifact": {
        "artifactAccount": "embedded-artifact",
        "reference": "spinnaker/manifests/env-a-deployment.yml",
        "type": "embedded/base64"
      },
      "moniker": {
        "app": "cd4ml-dsr"
      }
    }
  ],
  "triggers": [],
  "type": "templatedPipeline",
  "description": "Deploy aplica\u00e7\u00e3o para env-a",
  "expectedArtifacts": [],
  "keepWaitingPipelines": false,
  "limitConcurrent": true
}