{
  "application": "cd4ml-dsr",
  "name": "rollback-a",
  "stages": [
    {
      "name": "Rollback env-a",
      "type": "undoRolloutManifest",
      "account": "my-k8s-account",
      "cloudProvider": "kubernetes",
      "location": "env-a",
      "manifestName": "deployment cd4ml-api",
      "options": {},
      "moniker": {
        "app": "cd4ml-dsr"
      }
    }
  ],
  "triggers": [],
  "type": "templatedPipeline",
  "description": "Rollback para env-a",
  "expectedArtifacts": [],
  "keepWaitingPipelines": false,
  "limitConcurrent": true
}