{
  "application": "cd4ml-dsr",
  "name": "swap-traffic",
  "stages": [
    {
      "name": "Swap Traffic to env-b",
      "type": "patchManifest",
      "account": "my-k8s-account",
      "cloudProvider": "kubernetes",
      "manifestName": "service cd4ml-api",
      "location": "env-a",
      "patchBody": "spec:\n  selector:\n    app: cd4ml-api",
      "options": {
        "mergeStrategy": "strategic"
      },
      "moniker": {
        "app": "cd4ml-dsr"
      }
    }
  ],
  "triggers": [],
  "type": "templatedPipeline",
  "description": "Troca o tr\u00e1fego para env-b",
  "expectedArtifacts": [],
  "keepWaitingPipelines": false,
  "limitConcurrent": true
}